"active fibroblast","fibroblast","m1 macs","m1 ae","m1 de","m2","myoblast","myofibroblast","apop neutrophil","neutrophil","pax7+ ssc","res mac","senescent SSC","tick"
0.0,0.0,0.0,0.0,0.0,0.0,0.0,0.0,0.0,0.0,0.0,0.0,0.0,1.0
5.0,25.0,0.0,0.0,0.0,0.0,0.0,0.0,1.0,0.0,13.0,1.0,0.0,2.0
7.0,25.0,1.0,0.0,1.0,0.0,0.0,0.0,1.0,0.0,14.0,1.0,0.0,3.0
13.0,25.0,2.0,0.0,2.0,0.0,0.0,0.0,1.0,0.0,14.0,1.0,0.0,4.0
14.0,25.0,2.0,0.0,2.0,0.0,0.0,0.0,0.0,0.0,14.0,14.0,0.0,5.0
17.0,25.0,5.0,0.0,5.0,0.0,0.0,0.0,1.0,1.0,14.0,14.0,0.0,6.0
19.0,25.0,8.0,0.0,8.0,0.0,0.0,0.0,1.0,2.0,15.0,14.0,0.0,7.0
19.0,25.0,10.0,0.0,10.0,0.0,0.0,0.0,1.0,2.0,16.0,14.0,0.0,8.0
20.0,25.0,12.0,0.0,10.0,0.0,0.0,0.0,1.0,9.0,16.0,14.0,0.0,9.0
21.0,25.0,12.0,0.0,12.0,0.0,0.0,0.0,3.0,13.0,20.0,19.0,0.0,10.0
22.0,25.0,14.0,0.0,14.0,0.0,0.0,0.0,5.0,14.0,20.0,26.0,0.0,11.0
23.0,25.0,17.0,0.0,17.0,0.0,0.0,0.0,9.0,12.0,20.0,35.0,0.0,12.0
24.0,26.0,19.0,0.0,19.0,0.0,0.0,0.0,11.0,18.0,20.0,42.0,0.0,13.0
27.0,28.0,19.0,0.0,19.0,0.0,0.0,0.0,13.0,21.0,20.0,38.0,0.0,14.0
27.0,28.0,20.0,0.0,19.0,0.0,0.0,0.0,13.0,25.0,21.0,51.0,0.0,15.0
27.0,28.0,21.0,0.0,21.0,0.0,0.0,0.0,16.0,25.0,21.0,38.0,0.0,16.0
28.0,29.0,24.0,0.0,24.0,0.0,0.0,0.0,21.0,27.0,22.0,39.0,0.0,17.0
31.0,32.0,27.0,0.0,24.0,0.0,0.0,0.0,23.0,18.0,23.0,52.0,0.0,18.0
34.0,34.0,27.0,0.0,27.0,0.0,0.0,0.0,19.0,19.0,23.0,40.0,0.0,19.0
37.0,38.0,29.0,0.0,29.0,0.0,0.0,0.0,23.0,20.0,24.0,39.0,0.0,20.0
37.0,39.0,30.0,0.0,29.0,0.0,0.0,0.0,27.0,22.0,25.0,52.0,0.0,21.0
37.0,39.0,30.0,0.0,30.0,0.0,0.0,0.0,22.0,27.0,26.0,54.0,0.0,22.0
42.0,42.0,31.0,0.0,31.0,0.0,0.0,0.0,21.0,32.0,26.0,54.0,0.0,23.0
42.0,42.0,34.0,0.0,34.0,0.0,0.0,0.0,22.0,31.0,26.0,55.0,0.0,24.0
43.0,43.0,36.0,0.0,34.0,0.0,0.0,0.0,27.0,31.0,28.0,57.0,0.0,25.0
43.0,44.0,36.0,0.0,36.0,0.0,0.0,0.0,27.0,34.0,28.0,54.0,0.0,26.0
44.0,45.0,39.0,0.0,39.0,0.0,0.0,0.0,29.0,33.0,29.0,44.0,0.0,27.0
45.0,46.0,40.0,0.0,39.0,0.0,0.0,0.0,29.0,32.0,32.0,57.0,0.0,28.0
46.0,47.0,40.0,0.0,40.0,0.0,0.0,0.0,31.0,30.0,34.0,61.0,0.0,29.0
47.0,48.0,42.0,0.0,42.0,0.0,1.0,0.0,35.0,30.0,35.0,55.0,0.0,30.0
49.0,50.0,45.0,0.0,42.0,0.0,1.0,0.0,30.0,32.0,35.0,68.0,0.0,31.0
52.0,53.0,47.0,0.0,47.0,0.0,2.0,0.0,37.0,28.0,36.0,68.0,0.0,32.0
56.0,56.0,50.0,0.0,50.0,0.0,2.0,0.0,32.0,33.0,37.0,68.0,0.0,33.0
58.0,58.0,53.0,0.0,50.0,0.0,2.0,0.0,28.0,33.0,40.0,65.0,0.0,34.0
56.0,56.0,55.0,1.0,53.0,0.0,2.0,0.0,24.0,34.0,41.0,65.0,0.0,35.0
56.0,56.0,55.0,1.0,54.0,0.0,2.0,0.0,20.0,36.0,41.0,60.0,0.0,36.0
56.0,56.0,55.0,1.0,54.0,1.0,2.0,0.0,21.0,32.0,41.0,60.0,0.0,37.0
57.0,57.0,58.0,1.0,57.0,1.0,2.0,0.0,17.0,39.0,44.0,57.0,0.0,38.0
58.0,58.0,61.0,2.0,59.0,1.0,2.0,0.0,22.0,35.0,45.0,60.0,0.0,39.0
56.0,56.0,63.0,2.0,61.0,1.0,2.0,0.0,28.0,31.0,49.0,53.0,0.0,40.0
59.0,59.0,64.0,2.0,61.0,1.0,2.0,0.0,28.0,29.0,50.0,66.0,0.0,41.0
58.0,58.0,65.0,2.0,63.0,1.0,2.0,0.0,33.0,29.0,50.0,53.0,0.0,42.0
55.0,55.0,65.0,2.0,63.0,1.0,2.0,0.0,33.0,31.0,50.0,66.0,0.0,43.0
48.0,48.0,64.0,2.0,62.0,1.0,2.0,0.0,38.0,32.0,52.0,47.0,0.0,44.0
34.0,34.0,66.0,2.0,64.0,1.0,2.0,0.0,33.0,32.0,53.0,49.0,0.0,45.0
23.0,23.0,67.0,2.0,65.0,1.0,2.0,0.0,38.0,31.0,53.0,48.0,0.0,46.0
19.0,19.0,68.0,2.0,65.0,1.0,2.0,0.0,29.0,34.0,56.0,61.0,0.0,47.0
21.0,21.0,65.0,2.0,63.0,1.0,2.0,0.0,31.0,31.0,56.0,53.0,0.0,48.0
20.0,20.0,65.0,2.0,63.0,1.0,2.0,0.0,29.0,28.0,58.0,56.0,0.0,49.0
19.0,19.0,66.0,2.0,63.0,1.0,2.0,0.0,29.0,28.0,59.0,59.0,0.0,50.0
19.0,19.0,66.0,2.0,64.0,1.0,2.0,0.0,36.0,23.0,60.0,61.0,0.0,51.0
18.0,18.0,68.0,3.0,65.0,1.0,2.0,0.0,35.0,20.0,63.0,51.0,0.0,52.0
16.0,16.0,66.0,3.0,63.0,1.0,4.0,0.0,29.0,25.0,64.0,51.0,0.0,53.0
15.0,15.0,63.0,3.0,60.0,1.0,4.0,0.0,29.0,28.0,64.0,52.0,0.0,54.0
16.0,16.0,64.0,3.0,61.0,1.0,4.0,0.0,28.0,31.0,64.0,54.0,0.0,55.0
15.0,15.0,64.0,3.0,61.0,1.0,4.0,0.0,32.0,29.0,67.0,67.0,0.0,56.0
14.0,14.0,63.0,3.0,60.0,1.0,4.0,0.0,31.0,29.0,68.0,63.0,0.0,57.0
14.0,14.0,61.0,4.0,57.0,1.0,4.0,0.0,28.0,31.0,69.0,45.0,0.0,58.0
12.0,12.0,62.0,4.0,57.0,1.0,4.0,0.0,28.0,33.0,70.0,58.0,0.0,59.0
10.0,10.0,62.0,4.0,58.0,1.0,4.0,0.0,32.0,33.0,70.0,56.0,0.0,60.0
10.0,10.0,63.0,5.0,58.0,1.0,4.0,0.0,28.0,35.0,70.0,56.0,0.0,61.0
9.0,9.0,61.0,5.0,56.0,1.0,4.0,0.0,33.0,31.0,71.0,42.0,0.0,62.0
10.0,10.0,64.0,5.0,56.0,1.0,4.0,0.0,37.0,26.0,71.0,55.0,0.0,63.0
9.0,9.0,64.0,6.0,58.0,1.0,5.0,0.0,36.0,29.0,71.0,50.0,0.0,64.0
11.0,11.0,64.0,7.0,57.0,1.0,5.0,0.0,31.0,30.0,71.0,37.0,0.0,65.0
11.0,11.0,64.0,7.0,57.0,1.0,5.0,0.0,31.0,33.0,72.0,50.0,0.0,66.0
13.0,13.0,63.0,7.0,56.0,1.0,5.0,0.0,27.0,35.0,73.0,52.0,0.0,67.0
12.0,12.0,62.0,7.0,55.0,1.0,5.0,0.0,29.0,33.0,73.0,33.0,0.0,68.0
12.0,12.0,64.0,7.0,55.0,1.0,5.0,0.0,30.0,30.0,75.0,46.0,0.0,69.0
11.0,11.0,63.0,7.0,57.0,2.0,5.0,0.0,22.0,27.0,75.0,38.0,0.0,70.0
12.0,12.0,64.0,7.0,57.0,2.0,5.0,0.0,21.0,29.0,75.0,51.0,0.0,71.0
14.0,14.0,63.0,7.0,57.0,2.0,6.0,0.0,21.0,31.0,75.0,41.0,0.0,72.0
14.0,14.0,61.0,7.0,55.0,2.0,6.0,0.0,24.0,35.0,75.0,42.0,0.0,73.0
13.0,13.0,61.0,7.0,55.0,2.0,6.0,0.0,21.0,36.0,74.0,55.0,0.0,74.0
12.0,12.0,58.0,7.0,53.0,3.0,6.0,0.0,18.0,41.0,75.0,45.0,0.0,75.0
11.0,11.0,57.0,7.0,52.0,3.0,6.0,0.0,19.0,43.0,75.0,32.0,0.0,76.0
8.0,8.0,57.0,7.0,52.0,3.0,6.0,0.0,18.0,45.0,75.0,27.0,0.0,77.0
10.0,10.0,57.0,8.0,50.0,3.0,6.0,0.0,23.0,47.0,76.0,21.0,0.0,78.0
9.0,9.0,59.0,10.0,50.0,3.0,6.0,0.0,25.0,43.0,77.0,14.0,0.0,79.0
9.0,9.0,61.0,10.0,50.0,3.0,7.0,0.0,32.0,32.0,79.0,14.0,0.0,80.0
9.0,9.0,59.0,11.0,47.0,3.0,7.0,0.0,28.0,30.0,79.0,8.0,0.0,81.0
10.0,10.0,61.0,12.0,47.0,3.0,8.0,0.0,27.0,32.0,79.0,6.0,0.0,82.0
11.0,11.0,62.0,14.0,46.0,2.0,8.0,0.0,22.0,37.0,80.0,6.0,0.0,83.0
8.0,8.0,65.0,14.0,46.0,2.0,8.0,0.0,18.0,45.0,80.0,6.0,0.0,84.0
9.0,9.0,65.0,16.0,47.0,2.0,8.0,0.0,15.0,40.0,80.0,6.0,0.0,85.0
10.0,10.0,67.0,16.0,46.0,2.0,8.0,0.0,15.0,32.0,80.0,5.0,0.0,86.0
12.0,12.0,66.0,16.0,45.0,3.0,9.0,0.0,14.0,28.0,80.0,5.0,0.0,87.0
12.0,12.0,69.0,16.0,45.0,3.0,9.0,0.0,14.0,23.0,80.0,5.0,0.0,88.0
13.0,13.0,65.0,16.0,42.0,5.0,9.0,0.0,13.0,16.0,80.0,5.0,0.0,89.0
12.0,12.0,67.0,16.0,41.0,5.0,10.0,0.0,14.0,11.0,80.0,5.0,0.0,90.0
11.0,11.0,68.0,16.0,41.0,5.0,10.0,0.0,12.0,10.0,81.0,5.0,0.0,91.0
12.0,12.0,64.0,16.0,39.0,7.0,10.0,0.0,9.0,7.0,81.0,5.0,0.0,92.0
14.0,14.0,61.0,16.0,36.0,8.0,10.0,0.0,9.0,7.0,82.0,5.0,0.0,93.0
17.0,17.0,62.0,16.0,36.0,8.0,10.0,0.0,9.0,7.0,83.0,5.0,0.0,94.0
18.0,18.0,61.0,16.0,34.0,9.0,10.0,0.0,7.0,6.0,84.0,5.0,0.0,95.0
18.0,18.0,60.0,16.0,34.0,10.0,10.0,0.0,5.0,4.0,84.0,5.0,0.0,96.0
18.0,18.0,60.0,16.0,34.0,10.0,10.0,0.0,5.0,4.0,84.0,5.0,0.0,97.0
18.0,18.0,59.0,16.0,34.0,13.0,10.0,0.0,6.0,3.0,84.0,5.0,0.0,98.0
17.0,17.0,62.0,16.0,34.0,13.0,10.0,0.0,6.0,2.0,84.0,5.0,0.0,99.0
19.0,19.0,64.0,16.0,34.0,13.0,10.0,0.0,6.0,1.0,84.0,5.0,0.0,100.0
17.0,17.0,65.0,16.0,33.0,14.0,12.0,0.0,3.0,1.0,84.0,5.0,0.0,101.0
16.0,16.0,64.0,16.0,33.0,17.0,12.0,0.0,2.0,0.0,84.0,5.0,0.0,102.0
16.0,16.0,60.0,16.0,30.0,19.0,12.0,0.0,1.0,0.0,84.0,5.0,0.0,103.0
15.0,15.0,60.0,16.0,30.0,19.0,13.0,0.0,1.0,0.0,84.0,5.0,0.0,104.0
15.0,15.0,54.0,16.0,25.0,21.0,14.0,0.0,1.0,0.0,85.0,5.0,0.0,105.0
14.0,14.0,55.0,16.0,24.0,22.0,15.0,0.0,1.0,0.0,85.0,5.0,0.0,106.0
15.0,15.0,52.0,16.0,22.0,24.0,15.0,0.0,1.0,0.0,86.0,5.0,0.0,107.0
14.0,14.0,51.0,16.0,20.0,25.0,16.0,0.0,1.0,0.0,87.0,5.0,0.0,108.0
15.0,15.0,50.0,16.0,19.0,28.0,17.0,0.0,1.0,0.0,88.0,5.0,0.0,109.0
14.0,14.0,50.0,16.0,17.0,29.0,16.0,0.0,1.0,0.0,88.0,5.0,0.0,110.0
14.0,14.0,49.0,16.0,15.0,29.0,16.0,0.0,1.0,0.0,87.0,5.0,0.0,111.0
14.0,14.0,51.0,16.0,15.0,30.0,16.0,0.0,0.0,0.0,87.0,5.0,0.0,112.0
13.0,13.0,50.0,16.0,13.0,32.0,16.0,0.0,0.0,0.0,87.0,5.0,0.0,113.0
14.0,14.0,50.0,16.0,11.0,33.0,15.0,0.0,0.0,0.0,86.0,5.0,0.0,114.0
15.0,15.0,45.0,16.0,9.0,37.0,14.0,0.0,0.0,0.0,85.0,5.0,0.0,115.0
16.0,16.0,42.0,16.0,9.0,40.0,15.0,0.0,0.0,0.0,85.0,5.0,0.0,116.0
15.0,15.0,44.0,16.0,9.0,41.0,15.0,0.0,0.0,0.0,85.0,5.0,0.0,117.0
14.0,15.0,38.0,15.0,7.0,45.0,15.0,0.0,0.0,0.0,85.0,5.0,0.0,118.0
15.0,16.0,31.0,14.0,6.0,49.0,16.0,0.0,0.0,0.0,85.0,5.0,0.0,119.0
16.0,17.0,31.0,14.0,6.0,50.0,17.0,0.0,0.0,0.0,85.0,5.0,0.0,120.0
15.0,16.0,27.0,14.0,5.0,53.0,17.0,0.0,0.0,0.0,85.0,5.0,0.0,121.0
17.0,18.0,27.0,14.0,5.0,53.0,17.0,0.0,0.0,0.0,84.0,5.0,0.0,122.0
17.0,18.0,21.0,14.0,4.0,56.0,17.0,0.0,0.0,0.0,82.0,5.0,0.0,123.0
17.0,18.0,22.0,14.0,4.0,56.0,17.0,0.0,0.0,0.0,80.0,5.0,0.0,124.0
16.0,17.0,22.0,14.0,4.0,57.0,17.0,0.0,0.0,0.0,78.0,5.0,0.0,125.0
17.0,18.0,24.0,14.0,4.0,58.0,18.0,0.0,0.0,0.0,76.0,5.0,0.0,126.0
18.0,19.0,22.0,14.0,2.0,58.0,18.0,0.0,0.0,0.0,76.0,5.0,0.0,127.0
19.0,20.0,18.0,14.0,0.0,59.0,17.0,0.0,0.0,0.0,74.0,5.0,0.0,128.0
19.0,20.0,16.0,14.0,0.0,59.0,19.0,0.0,0.0,0.0,74.0,5.0,0.0,129.0
19.0,20.0,16.0,14.0,0.0,59.0,17.0,0.0,0.0,0.0,71.0,5.0,0.0,130.0
19.0,20.0,16.0,13.0,0.0,59.0,15.0,0.0,0.0,0.0,68.0,5.0,0.0,131.0
19.0,20.0,16.0,13.0,0.0,59.0,13.0,0.0,0.0,0.0,66.0,5.0,0.0,132.0
19.0,20.0,16.0,13.0,0.0,60.0,11.0,0.0,0.0,0.0,64.0,5.0,0.0,133.0
19.0,20.0,16.0,13.0,0.0,63.0,12.0,0.0,0.0,0.0,64.0,5.0,0.0,134.0
19.0,20.0,18.0,13.0,0.0,64.0,11.0,0.0,0.0,0.0,63.0,5.0,0.0,135.0
21.0,22.0,19.0,13.0,0.0,61.0,10.0,0.0,0.0,0.0,62.0,5.0,0.0,136.0
22.0,23.0,18.0,12.0,0.0,61.0,11.0,0.0,0.0,0.0,61.0,5.0,0.0,137.0
22.0,23.0,17.0,12.0,0.0,58.0,9.0,0.0,0.0,0.0,59.0,5.0,0.0,138.0
22.0,23.0,16.0,12.0,0.0,59.0,10.0,0.0,0.0,0.0,56.0,5.0,0.0,139.0
23.0,24.0,17.0,12.0,0.0,61.0,10.0,0.0,0.0,0.0,55.0,5.0,0.0,140.0
24.0,25.0,16.0,12.0,0.0,62.0,10.0,0.0,0.0,0.0,55.0,5.0,0.0,141.0
24.0,25.0,14.0,12.0,0.0,59.0,12.0,0.0,0.0,0.0,55.0,5.0,0.0,142.0
25.0,26.0,15.0,12.0,0.0,60.0,14.0,0.0,0.0,0.0,52.0,5.0,0.0,143.0
26.0,27.0,14.0,12.0,0.0,62.0,17.0,0.0,0.0,0.0,51.0,5.0,0.0,144.0
26.0,27.0,13.0,11.0,0.0,63.0,17.0,0.0,0.0,0.0,50.0,5.0,0.0,145.0
26.0,27.0,13.0,10.0,0.0,61.0,18.0,0.0,0.0,0.0,49.0,5.0,0.0,146.0
28.0,29.0,13.0,10.0,0.0,58.0,17.0,0.0,0.0,0.0,48.0,5.0,0.0,147.0
28.0,29.0,13.0,10.0,0.0,59.0,16.0,0.0,0.0,0.0,45.0,5.0,0.0,148.0
28.0,29.0,13.0,9.0,0.0,60.0,17.0,0.0,0.0,0.0,42.0,5.0,0.0,149.0
28.0,29.0,12.0,9.0,0.0,59.0,15.0,0.0,0.0,0.0,40.0,5.0,0.0,150.0
29.0,30.0,11.0,9.0,0.0,59.0,16.0,0.0,0.0,0.0,38.0,5.0,0.0,151.0
29.0,31.0,11.0,9.0,0.0,60.0,14.0,0.0,0.0,0.0,35.0,5.0,0.0,152.0
29.0,31.0,9.0,9.0,0.0,63.0,14.0,0.0,0.0,0.0,33.0,5.0,0.0,153.0
30.0,32.0,8.0,9.0,0.0,65.0,11.0,0.0,0.0,0.0,30.0,5.0,0.0,154.0
32.0,34.0,5.0,9.0,0.0,63.0,9.0,0.0,0.0,0.0,28.0,5.0,0.0,155.0
34.0,36.0,6.0,9.0,0.0,64.0,8.0,0.0,0.0,0.0,27.0,5.0,0.0,156.0
33.0,36.0,5.0,9.0,0.0,61.0,5.0,0.0,0.0,0.0,24.0,5.0,0.0,157.0
34.0,37.0,5.0,7.0,0.0,58.0,4.0,0.0,0.0,0.0,22.0,5.0,0.0,158.0
34.0,37.0,5.0,7.0,0.0,57.0,3.0,0.0,0.0,0.0,21.0,5.0,0.0,159.0
35.0,38.0,5.0,7.0,0.0,55.0,6.0,0.0,0.0,0.0,27.0,5.0,0.0,160.0
37.0,40.0,4.0,7.0,0.0,55.0,3.0,0.0,0.0,0.0,24.0,5.0,0.0,161.0
39.0,42.0,4.0,7.0,0.0,55.0,4.0,0.0,0.0,0.0,24.0,5.0,0.0,162.0
39.0,42.0,4.0,6.0,0.0,52.0,4.0,0.0,0.0,0.0,24.0,5.0,0.0,163.0
42.0,45.0,4.0,5.0,0.0,49.0,3.0,0.0,0.0,0.0,23.0,5.0,0.0,164.0
41.0,45.0,4.0,4.0,0.0,48.0,3.0,0.0,0.0,0.0,23.0,5.0,0.0,165.0
41.0,45.0,3.0,3.0,0.0,46.0,3.0,0.0,0.0,0.0,24.0,5.0,0.0,166.0
42.0,46.0,3.0,3.0,0.0,46.0,3.0,0.0,0.0,0.0,24.0,5.0,0.0,167.0
42.0,47.0,3.0,3.0,0.0,46.0,3.0,0.0,0.0,0.0,24.0,5.0,0.0,168.0
43.0,48.0,2.0,2.0,0.0,44.0,3.0,0.0,0.0,0.0,24.0,5.0,0.0,169.0
44.0,49.0,2.0,2.0,0.0,44.0,2.0,0.0,0.0,0.0,23.0,5.0,0.0,170.0
44.0,49.0,2.0,2.0,0.0,44.0,2.0,0.0,0.0,0.0,23.0,5.0,0.0,171.0
44.0,49.0,2.0,1.0,0.0,43.0,2.0,0.0,0.0,0.0,23.0,5.0,0.0,172.0
44.0,49.0,2.0,1.0,0.0,43.0,1.0,0.0,0.0,0.0,22.0,5.0,0.0,173.0
46.0,51.0,2.0,1.0,0.0,42.0,2.0,0.0,0.0,0.0,22.0,5.0,0.0,174.0
47.0,52.0,2.0,1.0,0.0,38.0,2.0,0.0,0.0,0.0,22.0,5.0,0.0,175.0
46.0,52.0,2.0,1.0,0.0,38.0,2.0,0.0,0.0,0.0,22.0,5.0,0.0,176.0
47.0,53.0,2.0,1.0,0.0,35.0,4.0,0.0,0.0,0.0,22.0,5.0,0.0,177.0
49.0,55.0,2.0,1.0,0.0,35.0,4.0,0.0,0.0,0.0,22.0,5.0,0.0,178.0
51.0,57.0,2.0,1.0,0.0,35.0,6.0,0.0,0.0,0.0,22.0,5.0,0.0,179.0
51.0,57.0,2.0,1.0,0.0,33.0,6.0,0.0,0.0,0.0,21.0,5.0,0.0,180.0
55.0,61.0,2.0,1.0,0.0,33.0,6.0,0.0,0.0,0.0,21.0,5.0,0.0,181.0
57.0,63.0,2.0,1.0,0.0,29.0,6.0,0.0,0.0,0.0,21.0,5.0,0.0,182.0
57.0,63.0,2.0,1.0,0.0,29.0,5.0,0.0,0.0,0.0,20.0,5.0,0.0,183.0
58.0,64.0,2.0,0.0,0.0,25.0,4.0,0.0,0.0,0.0,19.0,5.0,0.0,184.0
59.0,65.0,1.0,0.0,0.0,21.0,4.0,0.0,0.0,0.0,19.0,5.0,0.0,185.0
62.0,68.0,1.0,0.0,0.0,21.0,4.0,0.0,0.0,0.0,19.0,5.0,0.0,186.0
63.0,69.0,1.0,0.0,0.0,18.0,4.0,0.0,0.0,0.0,19.0,5.0,0.0,187.0
65.0,71.0,1.0,0.0,0.0,18.0,5.0,0.0,0.0,0.0,19.0,5.0,0.0,188.0
65.0,71.0,1.0,0.0,0.0,16.0,5.0,0.0,0.0,0.0,19.0,5.0,0.0,189.0
65.0,71.0,1.0,0.0,0.0,16.0,6.0,0.0,0.0,0.0,20.0,5.0,0.0,190.0
66.0,72.0,1.0,0.0,0.0,16.0,6.0,0.0,0.0,0.0,20.0,5.0,0.0,191.0
67.0,73.0,1.0,0.0,0.0,11.0,7.0,0.0,0.0,0.0,20.0,5.0,0.0,192.0
67.0,73.0,1.0,0.0,0.0,10.0,8.0,0.0,0.0,0.0,20.0,5.0,0.0,193.0
67.0,73.0,1.0,0.0,0.0,8.0,8.0,0.0,0.0,0.0,20.0,5.0,0.0,194.0
69.0,75.0,1.0,0.0,0.0,8.0,7.0,0.0,0.0,0.0,19.0,5.0,0.0,195.0
69.0,75.0,1.0,0.0,0.0,4.0,7.0,0.0,0.0,0.0,20.0,5.0,0.0,196.0
69.0,75.0,1.0,0.0,0.0,4.0,8.0,0.0,0.0,0.0,20.0,5.0,0.0,197.0
69.0,75.0,0.0,0.0,0.0,3.0,7.0,0.0,0.0,0.0,19.0,5.0,0.0,198.0
69.0,75.0,0.0,0.0,0.0,3.0,7.0,0.0,0.0,0.0,19.0,5.0,0.0,199.0
69.0,75.0,1.0,0.0,0.0,4.0,7.0,0.0,0.0,0.0,19.0,5.0,0.0,200.0
70.0,76.0,1.0,0.0,0.0,4.0,7.0,0.0,0.0,0.0,20.0,5.0,0.0,201.0
70.0,76.0,1.0,0.0,0.0,5.0,7.0,0.0,0.0,0.0,20.0,5.0,0.0,202.0
71.0,77.0,1.0,0.0,0.0,7.0,7.0,0.0,0.0,0.0,20.0,5.0,0.0,203.0
71.0,77.0,2.0,0.0,0.0,7.0,7.0,0.0,0.0,0.0,20.0,5.0,0.0,204.0
71.0,77.0,2.0,0.0,0.0,8.0,7.0,0.0,0.0,0.0,20.0,5.0,0.0,205.0
72.0,78.0,1.0,0.0,0.0,9.0,6.0,0.0,0.0,0.0,19.0,5.0,0.0,206.0
72.0,79.0,3.0,0.0,0.0,10.0,6.0,0.0,0.0,0.0,20.0,5.0,0.0,207.0
73.0,80.0,3.0,0.0,0.0,10.0,6.0,0.0,0.0,0.0,21.0,5.0,0.0,208.0
73.0,80.0,3.0,0.0,0.0,10.0,6.0,0.0,0.0,0.0,21.0,5.0,0.0,209.0
73.0,80.0,3.0,0.0,0.0,13.0,6.0,0.0,0.0,0.0,21.0,5.0,0.0,210.0
73.0,80.0,3.0,0.0,0.0,14.0,5.0,0.0,0.0,0.0,20.0,5.0,0.0,211.0
73.0,80.0,3.0,0.0,0.0,14.0,5.0,0.0,0.0,0.0,21.0,5.0,0.0,212.0
72.0,80.0,3.0,0.0,0.0,14.0,5.0,0.0,0.0,0.0,21.0,5.0,0.0,213.0
72.0,80.0,4.0,0.0,0.0,16.0,5.0,0.0,0.0,0.0,21.0,5.0,0.0,214.0
72.0,80.0,4.0,0.0,0.0,18.0,5.0,0.0,0.0,0.0,21.0,5.0,0.0,215.0
72.0,80.0,5.0,0.0,0.0,20.0,4.0,0.0,0.0,0.0,21.0,5.0,0.0,216.0
72.0,80.0,4.0,0.0,0.0,21.0,4.0,0.0,0.0,0.0,21.0,5.0,0.0,217.0
72.0,80.0,5.0,0.0,0.0,23.0,4.0,0.0,0.0,0.0,21.0,5.0,0.0,218.0
72.0,80.0,5.0,0.0,0.0,23.0,4.0,0.0,0.0,0.0,21.0,5.0,0.0,219.0
72.0,80.0,4.0,0.0,0.0,25.0,4.0,0.0,0.0,0.0,21.0,5.0,0.0,220.0
72.0,80.0,4.0,0.0,0.0,25.0,5.0,0.0,0.0,0.0,21.0,5.0,0.0,221.0
72.0,80.0,3.0,0.0,0.0,26.0,5.0,0.0,0.0,0.0,21.0,5.0,0.0,222.0
72.0,80.0,3.0,0.0,0.0,27.0,5.0,0.0,0.0,0.0,21.0,5.0,0.0,223.0
72.0,80.0,3.0,0.0,0.0,30.0,5.0,0.0,0.0,0.0,21.0,5.0,0.0,224.0
72.0,80.0,3.0,0.0,0.0,33.0,4.0,0.0,0.0,0.0,20.0,5.0,0.0,225.0
72.0,80.0,4.0,0.0,0.0,35.0,4.0,0.0,0.0,0.0,20.0,5.0,0.0,226.0
72.0,80.0,2.0,0.0,0.0,38.0,4.0,0.0,0.0,0.0,20.0,5.0,0.0,227.0
72.0,80.0,2.0,0.0,0.0,38.0,4.0,0.0,0.0,0.0,20.0,5.0,0.0,228.0
73.0,81.0,2.0,0.0,0.0,38.0,4.0,0.0,0.0,0.0,20.0,5.0,0.0,229.0
73.0,81.0,2.0,0.0,0.0,38.0,4.0,0.0,0.0,0.0,20.0,5.0,0.0,230.0
74.0,82.0,2.0,0.0,0.0,38.0,4.0,0.0,0.0,0.0,20.0,5.0,0.0,231.0
75.0,83.0,2.0,0.0,0.0,38.0,4.0,0.0,0.0,0.0,20.0,5.0,0.0,232.0
75.0,83.0,2.0,0.0,0.0,38.0,3.0,0.0,0.0,0.0,19.0,5.0,0.0,233.0
75.0,83.0,2.0,0.0,0.0,38.0,3.0,0.0,0.0,0.0,19.0,5.0,0.0,234.0
75.0,83.0,2.0,0.0,0.0,38.0,2.0,0.0,0.0,0.0,19.0,5.0,0.0,235.0
75.0,83.0,2.0,0.0,0.0,38.0,2.0,0.0,0.0,0.0,19.0,5.0,0.0,236.0
75.0,83.0,2.0,0.0,0.0,38.0,2.0,0.0,0.0,0.0,19.0,5.0,0.0,237.0
76.0,84.0,2.0,0.0,0.0,38.0,2.0,0.0,0.0,0.0,19.0,5.0,0.0,238.0
76.0,84.0,2.0,0.0,0.0,38.0,2.0,0.0,0.0,0.0,19.0,5.0,0.0,239.0
75.0,84.0,2.0,0.0,0.0,37.0,2.0,0.0,0.0,0.0,19.0,5.0,0.0,240.0
75.0,84.0,2.0,0.0,0.0,37.0,2.0,0.0,0.0,0.0,19.0,5.0,0.0,241.0
75.0,84.0,2.0,0.0,0.0,35.0,2.0,0.0,0.0,0.0,19.0,5.0,0.0,242.0
75.0,85.0,2.0,0.0,0.0,33.0,2.0,0.0,0.0,0.0,19.0,5.0,0.0,243.0
75.0,85.0,1.0,0.0,0.0,34.0,2.0,0.0,0.0,0.0,19.0,5.0,0.0,244.0
75.0,85.0,1.0,0.0,0.0,33.0,2.0,0.0,0.0,0.0,19.0,5.0,0.0,245.0
77.0,87.0,1.0,0.0,0.0,31.0,4.0,0.0,0.0,0.0,19.0,5.0,0.0,246.0
77.0,88.0,1.0,0.0,0.0,30.0,4.0,0.0,0.0,0.0,19.0,5.0,0.0,247.0
77.0,88.0,1.0,0.0,0.0,29.0,4.0,0.0,0.0,0.0,19.0,5.0,0.0,248.0
77.0,88.0,1.0,0.0,0.0,28.0,4.0,0.0,0.0,0.0,19.0,5.0,0.0,249.0
77.0,88.0,1.0,0.0,0.0,28.0,4.0,0.0,0.0,0.0,19.0,5.0,0.0,250.0
77.0,88.0,1.0,0.0,0.0,28.0,4.0,0.0,0.0,0.0,19.0,5.0,0.0,251.0
77.0,88.0,1.0,0.0,0.0,27.0,4.0,0.0,0.0,0.0,19.0,5.0,0.0,252.0
77.0,88.0,1.0,0.0,0.0,27.0,4.0,0.0,0.0,0.0,19.0,5.0,0.0,253.0
77.0,88.0,1.0,0.0,0.0,26.0,4.0,0.0,0.0,0.0,19.0,5.0,0.0,254.0
77.0,88.0,1.0,0.0,0.0,25.0,3.0,0.0,0.0,0.0,19.0,5.0,0.0,255.0
76.0,88.0,1.0,0.0,0.0,25.0,3.0,0.0,0.0,0.0,19.0,5.0,0.0,256.0
77.0,89.0,1.0,0.0,0.0,22.0,3.0,0.0,0.0,0.0,19.0,5.0,0.0,257.0
77.0,89.0,1.0,0.0,0.0,22.0,3.0,0.0,0.0,0.0,19.0,5.0,0.0,258.0
77.0,89.0,1.0,0.0,0.0,19.0,4.0,0.0,0.0,0.0,19.0,5.0,0.0,259.0
78.0,90.0,1.0,0.0,0.0,19.0,4.0,0.0,0.0,0.0,19.0,5.0,0.0,260.0
78.0,90.0,1.0,0.0,0.0,18.0,4.0,0.0,0.0,0.0,19.0,5.0,0.0,261.0
79.0,91.0,1.0,0.0,0.0,18.0,4.0,0.0,0.0,0.0,19.0,5.0,0.0,262.0
79.0,91.0,1.0,0.0,0.0,17.0,4.0,0.0,0.0,0.0,19.0,5.0,0.0,263.0
79.0,91.0,1.0,0.0,0.0,13.0,4.0,0.0,0.0,0.0,19.0,5.0,0.0,264.0
79.0,91.0,1.0,0.0,0.0,12.0,4.0,0.0,0.0,0.0,19.0,5.0,0.0,265.0
79.0,91.0,1.0,0.0,0.0,12.0,4.0,0.0,0.0,0.0,19.0,5.0,0.0,266.0
79.0,91.0,1.0,0.0,0.0,12.0,4.0,0.0,0.0,0.0,19.0,5.0,0.0,267.0
79.0,91.0,1.0,0.0,0.0,11.0,4.0,0.0,0.0,0.0,19.0,5.0,0.0,268.0
80.0,92.0,1.0,0.0,0.0,7.0,4.0,0.0,0.0,0.0,19.0,5.0,0.0,269.0
80.0,92.0,1.0,0.0,0.0,8.0,4.0,0.0,0.0,0.0,19.0,5.0,0.0,270.0
79.0,92.0,1.0,0.0,0.0,11.0,4.0,0.0,0.0,0.0,20.0,5.0,0.0,271.0
79.0,92.0,1.0,0.0,0.0,14.0,4.0,0.0,0.0,0.0,20.0,5.0,0.0,272.0
78.0,92.0,1.0,0.0,0.0,16.0,4.0,0.0,0.0,0.0,20.0,5.0,0.0,273.0
78.0,92.0,1.0,0.0,0.0,17.0,4.0,0.0,0.0,0.0,20.0,5.0,0.0,274.0
79.0,93.0,2.0,0.0,0.0,18.0,4.0,0.0,0.0,0.0,20.0,5.0,0.0,275.0
79.0,93.0,2.0,0.0,0.0,18.0,4.0,0.0,0.0,0.0,20.0,5.0,0.0,276.0
78.0,93.0,1.0,0.0,0.0,19.0,4.0,0.0,0.0,0.0,20.0,5.0,0.0,277.0
79.0,94.0,1.0,0.0,0.0,22.0,4.0,0.0,0.0,0.0,20.0,5.0,0.0,278.0
79.0,94.0,1.0,0.0,0.0,23.0,4.0,0.0,0.0,0.0,20.0,5.0,0.0,279.0
79.0,94.0,1.0,0.0,0.0,23.0,3.0,0.0,0.0,0.0,19.0,5.0,0.0,280.0
79.0,94.0,1.0,0.0,0.0,24.0,3.0,0.0,0.0,0.0,19.0,5.0,0.0,281.0
79.0,95.0,1.0,0.0,0.0,24.0,3.0,0.0,0.0,0.0,19.0,5.0,0.0,282.0
79.0,95.0,1.0,0.0,0.0,24.0,3.0,0.0,0.0,0.0,19.0,5.0,0.0,283.0
79.0,95.0,1.0,0.0,0.0,24.0,3.0,0.0,0.0,0.0,19.0,5.0,0.0,284.0
79.0,95.0,1.0,0.0,0.0,24.0,3.0,0.0,0.0,0.0,19.0,5.0,0.0,285.0
79.0,95.0,1.0,0.0,0.0,23.0,3.0,0.0,0.0,0.0,19.0,5.0,0.0,286.0
80.0,96.0,1.0,0.0,0.0,23.0,3.0,0.0,0.0,0.0,20.0,5.0,0.0,287.0
81.0,98.0,1.0,0.0,0.0,23.0,3.0,0.0,0.0,0.0,20.0,5.0,0.0,288.0
81.0,98.0,1.0,0.0,0.0,22.0,3.0,0.0,0.0,0.0,20.0,5.0,0.0,289.0
81.0,98.0,1.0,0.0,0.0,22.0,3.0,0.0,0.0,0.0,21.0,5.0,0.0,290.0
81.0,98.0,1.0,0.0,0.0,22.0,5.0,0.0,0.0,0.0,22.0,5.0,0.0,291.0
81.0,98.0,0.0,0.0,0.0,23.0,5.0,0.0,0.0,0.0,22.0,5.0,0.0,292.0
81.0,98.0,0.0,0.0,0.0,23.0,5.0,0.0,0.0,0.0,22.0,5.0,0.0,293.0
80.0,98.0,0.0,0.0,0.0,23.0,5.0,0.0,0.0,0.0,22.0,5.0,0.0,294.0
79.0,98.0,0.0,0.0,0.0,23.0,6.0,0.0,0.0,0.0,23.0,5.0,0.0,295.0
79.0,98.0,0.0,0.0,0.0,23.0,6.0,0.0,0.0,0.0,22.0,5.0,0.0,296.0
79.0,98.0,0.0,0.0,0.0,23.0,6.0,0.0,0.0,0.0,24.0,5.0,0.0,297.0
78.0,98.0,0.0,0.0,0.0,23.0,6.0,0.0,0.0,0.0,24.0,5.0,0.0,298.0
78.0,98.0,0.0,0.0,0.0,23.0,6.0,0.0,0.0,0.0,23.0,5.0,0.0,299.0
78.0,100.0,0.0,0.0,0.0,23.0,6.0,0.0,0.0,0.0,25.0,5.0,0.0,300.0
78.0,100.0,0.0,0.0,0.0,22.0,6.0,0.0,0.0,0.0,25.0,5.0,0.0,301.0
78.0,100.0,0.0,0.0,0.0,22.0,6.0,0.0,0.0,0.0,25.0,5.0,0.0,302.0
78.0,100.0,0.0,0.0,0.0,22.0,6.0,0.0,0.0,0.0,25.0,5.0,0.0,303.0
78.0,100.0,0.0,0.0,0.0,22.0,6.0,0.0,0.0,0.0,26.0,5.0,0.0,304.0
78.0,100.0,0.0,0.0,0.0,22.0,6.0,0.0,0.0,0.0,26.0,5.0,0.0,305.0
79.0,101.0,0.0,0.0,0.0,22.0,6.0,0.0,0.0,0.0,26.0,5.0,0.0,306.0
78.0,101.0,0.0,0.0,0.0,22.0,6.0,0.0,0.0,0.0,26.0,5.0,0.0,307.0
78.0,101.0,0.0,0.0,0.0,22.0,6.0,0.0,0.0,0.0,26.0,5.0,0.0,308.0
78.0,101.0,0.0,0.0,0.0,22.0,6.0,0.0,0.0,0.0,26.0,5.0,0.0,309.0
78.0,101.0,0.0,0.0,0.0,20.0,6.0,0.0,0.0,0.0,26.0,5.0,0.0,310.0
78.0,101.0,0.0,0.0,0.0,18.0,5.0,0.0,0.0,0.0,25.0,5.0,0.0,311.0
78.0,101.0,0.0,0.0,0.0,17.0,5.0,0.0,0.0,0.0,25.0,5.0,0.0,312.0
78.0,101.0,0.0,0.0,0.0,17.0,5.0,0.0,0.0,0.0,25.0,5.0,0.0,313.0
78.0,101.0,0.0,0.0,0.0,17.0,5.0,0.0,0.0,0.0,25.0,5.0,0.0,314.0
78.0,101.0,0.0,0.0,0.0,15.0,5.0,0.0,0.0,0.0,25.0,5.0,0.0,315.0
78.0,101.0,0.0,0.0,0.0,13.0,5.0,0.0,0.0,0.0,25.0,5.0,0.0,316.0
78.0,101.0,0.0,0.0,0.0,13.0,6.0,0.0,0.0,0.0,25.0,5.0,0.0,317.0
77.0,101.0,0.0,0.0,0.0,14.0,6.0,0.0,0.0,0.0,25.0,5.0,0.0,318.0
77.0,101.0,0.0,0.0,0.0,13.0,6.0,0.0,0.0,0.0,25.0,5.0,0.0,319.0
76.0,101.0,0.0,0.0,0.0,15.0,6.0,0.0,0.0,0.0,25.0,5.0,0.0,320.0
76.0,101.0,0.0,0.0,0.0,18.0,6.0,0.0,0.0,0.0,26.0,5.0,0.0,321.0
76.0,101.0,0.0,0.0,0.0,18.0,6.0,0.0,0.0,0.0,26.0,5.0,0.0,322.0
76.0,101.0,0.0,0.0,0.0,19.0,6.0,0.0,0.0,0.0,26.0,5.0,0.0,323.0
76.0,101.0,0.0,0.0,0.0,18.0,6.0,0.0,0.0,0.0,26.0,5.0,0.0,324.0
76.0,101.0,0.0,0.0,0.0,20.0,7.0,0.0,0.0,0.0,26.0,5.0,0.0,325.0
79.0,104.0,0.0,0.0,0.0,19.0,7.0,0.0,0.0,0.0,26.0,5.0,0.0,326.0
80.0,105.0,0.0,0.0,0.0,22.0,7.0,0.0,0.0,0.0,29.0,5.0,0.0,327.0
80.0,105.0,0.0,0.0,0.0,22.0,8.0,0.0,0.0,0.0,29.0,5.0,0.0,328.0
81.0,106.0,0.0,0.0,0.0,23.0,8.0,0.0,0.0,0.0,29.0,5.0,0.0,329.0
81.0,106.0,0.0,0.0,0.0,23.0,8.0,0.0,0.0,0.0,29.0,5.0,0.0,330.0
81.0,106.0,0.0,0.0,0.0,24.0,8.0,0.0,0.0,0.0,29.0,5.0,0.0,331.0
80.0,105.0,0.0,0.0,0.0,27.0,8.0,0.0,0.0,0.0,29.0,5.0,0.0,332.0
80.0,105.0,0.0,0.0,0.0,27.0,9.0,0.0,0.0,0.0,29.0,5.0,0.0,333.0
78.0,103.0,0.0,0.0,0.0,27.0,10.0,0.0,0.0,0.0,29.0,5.0,0.0,334.0
78.0,103.0,0.0,0.0,0.0,27.0,10.0,0.0,0.0,0.0,29.0,5.0,0.0,335.0
78.0,103.0,0.0,0.0,0.0,27.0,10.0,0.0,0.0,0.0,29.0,5.0,0.0,336.0
78.0,103.0,0.0,0.0,0.0,27.0,10.0,0.0,0.0,0.0,29.0,5.0,0.0,337.0
79.0,104.0,0.0,0.0,0.0,27.0,10.0,0.0,0.0,0.0,28.0,5.0,0.0,338.0
79.0,104.0,0.0,0.0,0.0,27.0,10.0,0.0,0.0,0.0,28.0,5.0,0.0,339.0
79.0,104.0,0.0,0.0,0.0,27.0,10.0,0.0,0.0,0.0,28.0,5.0,0.0,340.0
79.0,104.0,0.0,0.0,0.0,27.0,9.0,0.0,0.0,0.0,27.0,5.0,0.0,341.0
79.0,104.0,0.0,0.0,0.0,27.0,11.0,0.0,0.0,0.0,28.0,5.0,0.0,342.0
79.0,104.0,0.0,0.0,0.0,27.0,11.0,0.0,0.0,0.0,28.0,5.0,0.0,343.0
78.0,103.0,0.0,0.0,0.0,27.0,10.0,0.0,0.0,0.0,27.0,5.0,0.0,344.0
78.0,103.0,0.0,0.0,0.0,27.0,10.0,0.0,0.0,0.0,27.0,5.0,0.0,345.0
78.0,103.0,0.0,0.0,0.0,27.0,11.0,0.0,0.0,0.0,27.0,5.0,0.0,346.0
78.0,103.0,0.0,0.0,0.0,27.0,11.0,0.0,0.0,0.0,27.0,5.0,0.0,347.0
78.0,103.0,0.0,0.0,0.0,27.0,11.0,0.0,0.0,0.0,26.0,5.0,0.0,348.0
78.0,103.0,0.0,0.0,0.0,27.0,10.0,0.0,0.0,0.0,25.0,5.0,0.0,349.0
78.0,103.0,0.0,0.0,0.0,27.0,10.0,0.0,0.0,0.0,25.0,5.0,0.0,350.0
78.0,103.0,0.0,0.0,0.0,27.0,9.0,0.0,0.0,0.0,24.0,5.0,0.0,351.0
78.0,103.0,0.0,0.0,0.0,27.0,9.0,0.0,0.0,0.0,24.0,5.0,0.0,352.0
78.0,103.0,0.0,0.0,0.0,27.0,8.0,0.0,0.0,0.0,22.0,5.0,0.0,353.0
78.0,103.0,0.0,0.0,0.0,27.0,6.0,0.0,0.0,0.0,21.0,5.0,0.0,354.0
77.0,102.0,0.0,0.0,0.0,27.0,6.0,0.0,0.0,0.0,20.0,5.0,0.0,355.0
77.0,102.0,0.0,0.0,0.0,27.0,6.0,0.0,0.0,0.0,20.0,5.0,0.0,356.0
77.0,102.0,0.0,0.0,0.0,27.0,7.0,0.0,0.0,0.0,20.0,5.0,0.0,357.0
77.0,102.0,0.0,0.0,0.0,27.0,7.0,0.0,0.0,0.0,20.0,5.0,0.0,358.0
77.0,102.0,0.0,0.0,0.0,26.0,6.0,0.0,0.0,0.0,19.0,5.0,0.0,359.0
76.0,101.0,0.0,0.0,0.0,23.0,6.0,0.0,0.0,0.0,19.0,5.0,0.0,360.0
75.0,100.0,0.0,0.0,0.0,21.0,6.0,0.0,0.0,0.0,19.0,5.0,0.0,361.0
75.0,100.0,0.0,0.0,0.0,20.0,6.0,0.0,0.0,0.0,19.0,5.0,0.0,362.0
75.0,100.0,0.0,0.0,0.0,18.0,6.0,0.0,0.0,0.0,18.0,5.0,0.0,363.0
75.0,100.0,0.0,0.0,0.0,15.0,6.0,0.0,0.0,0.0,18.0,5.0,0.0,364.0
75.0,100.0,0.0,0.0,0.0,15.0,6.0,0.0,0.0,0.0,18.0,5.0,0.0,365.0
74.0,99.0,0.0,0.0,0.0,14.0,6.0,0.0,0.0,0.0,18.0,5.0,0.0,366.0
73.0,98.0,0.0,0.0,0.0,13.0,6.0,0.0,0.0,0.0,18.0,5.0,0.0,367.0
73.0,98.0,0.0,0.0,0.0,12.0,6.0,0.0,0.0,0.0,18.0,5.0,0.0,368.0
72.0,97.0,0.0,0.0,0.0,11.0,6.0,0.0,0.0,0.0,19.0,5.0,0.0,369.0
72.0,97.0,0.0,0.0,0.0,9.0,6.0,0.0,0.0,0.0,19.0,5.0,0.0,370.0
72.0,97.0,0.0,0.0,0.0,7.0,6.0,0.0,0.0,0.0,19.0,5.0,0.0,371.0
71.0,96.0,0.0,0.0,0.0,7.0,7.0,0.0,0.0,0.0,19.0,5.0,0.0,372.0
70.0,95.0,0.0,0.0,0.0,8.0,7.0,0.0,0.0,0.0,18.0,5.0,0.0,373.0
70.0,95.0,0.0,0.0,0.0,7.0,7.0,0.0,0.0,0.0,18.0,5.0,0.0,374.0
70.0,95.0,0.0,0.0,0.0,9.0,6.0,0.0,0.0,0.0,16.0,5.0,0.0,375.0
69.0,94.0,0.0,0.0,0.0,9.0,6.0,0.0,0.0,0.0,16.0,5.0,0.0,376.0
69.0,94.0,0.0,0.0,0.0,10.0,6.0,0.0,0.0,0.0,15.0,5.0,0.0,377.0
69.0,94.0,0.0,0.0,0.0,8.0,6.0,0.0,0.0,0.0,15.0,5.0,0.0,378.0
68.0,93.0,0.0,0.0,0.0,8.0,7.0,0.0,0.0,0.0,15.0,5.0,0.0,379.0
67.0,92.0,0.0,0.0,0.0,10.0,7.0,0.0,0.0,0.0,15.0,5.0,0.0,380.0
67.0,92.0,0.0,0.0,0.0,11.0,7.0,0.0,0.0,0.0,15.0,5.0,0.0,381.0
66.0,91.0,0.0,0.0,0.0,12.0,7.0,0.0,0.0,0.0,15.0,5.0,0.0,382.0
65.0,90.0,0.0,0.0,0.0,15.0,6.0,0.0,0.0,0.0,14.0,5.0,0.0,383.0
65.0,90.0,0.0,0.0,0.0,16.0,6.0,0.0,0.0,0.0,14.0,5.0,0.0,384.0
65.0,90.0,0.0,0.0,0.0,18.0,5.0,0.0,0.0,0.0,13.0,5.0,0.0,385.0
65.0,90.0,0.0,0.0,0.0,18.0,5.0,0.0,0.0,0.0,13.0,5.0,0.0,386.0
65.0,90.0,0.0,0.0,0.0,18.0,5.0,0.0,0.0,0.0,13.0,5.0,0.0,387.0
65.0,90.0,0.0,0.0,0.0,18.0,5.0,0.0,0.0,0.0,13.0,5.0,0.0,388.0
65.0,90.0,0.0,0.0,0.0,18.0,5.0,0.0,0.0,0.0,13.0,5.0,0.0,389.0
65.0,90.0,0.0,0.0,0.0,18.0,5.0,0.0,0.0,0.0,13.0,5.0,0.0,390.0
65.0,90.0,0.0,0.0,0.0,18.0,5.0,0.0,0.0,0.0,13.0,5.0,0.0,391.0
65.0,90.0,0.0,0.0,0.0,18.0,5.0,0.0,0.0,0.0,13.0,5.0,0.0,392.0
65.0,90.0,0.0,0.0,0.0,18.0,5.0,0.0,0.0,0.0,13.0,5.0,0.0,393.0
64.0,89.0,0.0,0.0,0.0,18.0,5.0,0.0,0.0,0.0,13.0,5.0,0.0,394.0
63.0,88.0,0.0,0.0,0.0,18.0,5.0,0.0,0.0,0.0,13.0,5.0,0.0,395.0
63.0,88.0,0.0,0.0,0.0,18.0,5.0,0.0,0.0,0.0,13.0,5.0,0.0,396.0
62.0,87.0,0.0,0.0,0.0,18.0,4.0,0.0,0.0,0.0,12.0,5.0,0.0,397.0
62.0,87.0,0.0,0.0,0.0,18.0,4.0,0.0,0.0,0.0,12.0,5.0,0.0,398.0
62.0,87.0,0.0,0.0,0.0,18.0,4.0,0.0,0.0,0.0,12.0,5.0,0.0,399.0
62.0,87.0,0.0,0.0,0.0,18.0,4.0,0.0,0.0,0.0,12.0,5.0,0.0,400.0
61.0,86.0,0.0,0.0,0.0,18.0,4.0,0.0,0.0,0.0,12.0,5.0,0.0,401.0
60.0,85.0,0.0,0.0,0.0,18.0,5.0,0.0,0.0,0.0,12.0,5.0,0.0,402.0
60.0,85.0,0.0,0.0,0.0,18.0,5.0,0.0,0.0,0.0,12.0,5.0,0.0,403.0
58.0,83.0,0.0,0.0,0.0,18.0,5.0,0.0,0.0,0.0,12.0,5.0,0.0,404.0
57.0,82.0,0.0,0.0,0.0,18.0,5.0,0.0,0.0,0.0,12.0,5.0,0.0,405.0
57.0,82.0,0.0,0.0,0.0,18.0,4.0,0.0,0.0,0.0,11.0,5.0,0.0,406.0
57.0,82.0,0.0,0.0,0.0,18.0,4.0,0.0,0.0,0.0,11.0,5.0,0.0,407.0
55.0,80.0,0.0,0.0,0.0,18.0,4.0,0.0,0.0,0.0,11.0,5.0,0.0,408.0
55.0,80.0,0.0,0.0,0.0,18.0,4.0,0.0,0.0,0.0,11.0,5.0,0.0,409.0
55.0,80.0,0.0,0.0,0.0,18.0,5.0,0.0,0.0,0.0,12.0,5.0,0.0,410.0
55.0,80.0,0.0,0.0,0.0,18.0,5.0,0.0,0.0,0.0,12.0,5.0,0.0,411.0
55.0,80.0,0.0,0.0,0.0,18.0,5.0,0.0,0.0,0.0,12.0,5.0,0.0,412.0
54.0,79.0,0.0,0.0,0.0,18.0,5.0,0.0,0.0,0.0,12.0,5.0,0.0,413.0
54.0,79.0,0.0,0.0,0.0,18.0,5.0,0.0,0.0,0.0,12.0,5.0,0.0,414.0
54.0,79.0,0.0,0.0,0.0,18.0,5.0,0.0,0.0,0.0,12.0,5.0,0.0,415.0
54.0,79.0,0.0,0.0,0.0,18.0,5.0,0.0,0.0,0.0,12.0,5.0,0.0,416.0
53.0,78.0,0.0,0.0,0.0,17.0,5.0,0.0,0.0,0.0,12.0,5.0,0.0,417.0
53.0,78.0,0.0,0.0,0.0,16.0,6.0,0.0,0.0,0.0,12.0,5.0,0.0,418.0
52.0,77.0,0.0,0.0,0.0,16.0,5.0,0.0,0.0,0.0,11.0,5.0,0.0,419.0
51.0,76.0,0.0,0.0,0.0,14.0,5.0,0.0,0.0,0.0,11.0,5.0,0.0,420.0
49.0,74.0,0.0,0.0,0.0,12.0,5.0,0.0,0.0,0.0,11.0,5.0,0.0,421.0
49.0,74.0,0.0,0.0,0.0,11.0,6.0,0.0,0.0,0.0,11.0,5.0,0.0,422.0
49.0,74.0,0.0,0.0,0.0,11.0,6.0,0.0,0.0,0.0,11.0,5.0,0.0,423.0
49.0,74.0,0.0,0.0,0.0,8.0,5.0,0.0,0.0,0.0,10.0,5.0,0.0,424.0
49.0,74.0,0.0,0.0,0.0,8.0,5.0,0.0,0.0,0.0,10.0,5.0,0.0,425.0
49.0,74.0,0.0,0.0,0.0,4.0,5.0,0.0,0.0,0.0,10.0,5.0,0.0,426.0
49.0,74.0,0.0,0.0,0.0,3.0,5.0,0.0,0.0,0.0,9.0,5.0,0.0,427.0
49.0,74.0,0.0,0.0,0.0,3.0,5.0,0.0,0.0,0.0,9.0,5.0,0.0,428.0
49.0,74.0,0.0,0.0,0.0,1.0,5.0,0.0,0.0,0.0,9.0,5.0,0.0,429.0
49.0,74.0,0.0,0.0,0.0,1.0,5.0,0.0,0.0,0.0,9.0,5.0,0.0,430.0
49.0,74.0,0.0,0.0,0.0,1.0,5.0,0.0,0.0,0.0,9.0,5.0,0.0,431.0
48.0,73.0,0.0,0.0,0.0,3.0,6.0,0.0,0.0,0.0,10.0,5.0,0.0,432.0
48.0,73.0,0.0,0.0,0.0,6.0,6.0,0.0,0.0,0.0,10.0,5.0,0.0,433.0
48.0,73.0,0.0,0.0,0.0,7.0,6.0,0.0,0.0,0.0,10.0,5.0,0.0,434.0
48.0,73.0,0.0,0.0,0.0,7.0,6.0,0.0,0.0,0.0,10.0,5.0,0.0,435.0
48.0,73.0,0.0,0.0,0.0,8.0,6.0,0.0,0.0,0.0,10.0,5.0,0.0,436.0
48.0,73.0,0.0,0.0,0.0,10.0,6.0,0.0,0.0,0.0,10.0,5.0,0.0,437.0
47.0,72.0,0.0,0.0,0.0,13.0,6.0,0.0,0.0,0.0,10.0,5.0,0.0,438.0
46.0,71.0,0.0,0.0,0.0,13.0,6.0,0.0,0.0,0.0,10.0,5.0,0.0,439.0
46.0,71.0,0.0,0.0,0.0,13.0,6.0,0.0,0.0,0.0,10.0,5.0,0.0,440.0
46.0,71.0,0.0,0.0,0.0,13.0,6.0,0.0,0.0,0.0,10.0,5.0,0.0,441.0
44.0,69.0,0.0,0.0,0.0,13.0,6.0,0.0,0.0,0.0,10.0,5.0,0.0,442.0
44.0,69.0,0.0,0.0,0.0,13.0,6.0,0.0,0.0,0.0,10.0,5.0,0.0,443.0
44.0,69.0,0.0,0.0,0.0,13.0,6.0,0.0,0.0,0.0,10.0,5.0,0.0,444.0
44.0,69.0,0.0,0.0,0.0,13.0,6.0,0.0,0.0,0.0,10.0,5.0,0.0,445.0
43.0,68.0,0.0,0.0,0.0,13.0,6.0,0.0,0.0,0.0,10.0,5.0,0.0,446.0
43.0,68.0,0.0,0.0,0.0,13.0,6.0,0.0,0.0,0.0,10.0,5.0,0.0,447.0
43.0,68.0,0.0,0.0,0.0,13.0,6.0,0.0,0.0,0.0,10.0,5.0,0.0,448.0
42.0,67.0,0.0,0.0,0.0,13.0,6.0,0.0,0.0,0.0,10.0,5.0,0.0,449.0
42.0,67.0,0.0,0.0,0.0,13.0,6.0,0.0,0.0,0.0,10.0,5.0,0.0,450.0
42.0,67.0,0.0,0.0,0.0,13.0,6.0,0.0,0.0,0.0,10.0,5.0,0.0,451.0
42.0,67.0,0.0,0.0,0.0,13.0,6.0,0.0,0.0,0.0,10.0,5.0,0.0,452.0
42.0,67.0,0.0,0.0,0.0,13.0,6.0,0.0,0.0,0.0,10.0,5.0,0.0,453.0
42.0,67.0,0.0,0.0,0.0,13.0,5.0,0.0,0.0,0.0,9.0,5.0,0.0,454.0
42.0,67.0,0.0,0.0,0.0,13.0,5.0,0.0,0.0,0.0,9.0,5.0,0.0,455.0
42.0,67.0,0.0,0.0,0.0,13.0,5.0,0.0,0.0,0.0,9.0,5.0,0.0,456.0
42.0,67.0,0.0,0.0,0.0,13.0,5.0,0.0,0.0,0.0,9.0,5.0,0.0,457.0
42.0,67.0,0.0,0.0,0.0,13.0,5.0,0.0,0.0,0.0,9.0,5.0,0.0,458.0
42.0,67.0,0.0,0.0,0.0,13.0,5.0,0.0,0.0,0.0,9.0,5.0,0.0,459.0
42.0,67.0,0.0,0.0,0.0,13.0,5.0,0.0,0.0,0.0,9.0,5.0,0.0,460.0
40.0,65.0,0.0,0.0,0.0,13.0,5.0,0.0,0.0,0.0,9.0,5.0,0.0,461.0
39.0,64.0,0.0,0.0,0.0,13.0,5.0,0.0,0.0,0.0,9.0,5.0,0.0,462.0
39.0,64.0,0.0,0.0,0.0,13.0,5.0,0.0,0.0,0.0,9.0,5.0,0.0,463.0
39.0,64.0,0.0,0.0,0.0,13.0,5.0,0.0,0.0,0.0,9.0,5.0,0.0,464.0
39.0,64.0,0.0,0.0,0.0,13.0,5.0,0.0,0.0,0.0,9.0,5.0,0.0,465.0
39.0,64.0,0.0,0.0,0.0,13.0,5.0,0.0,0.0,0.0,9.0,5.0,0.0,466.0
39.0,64.0,0.0,0.0,0.0,13.0,5.0,0.0,0.0,0.0,9.0,5.0,0.0,467.0
39.0,64.0,0.0,0.0,0.0,13.0,5.0,0.0,0.0,0.0,9.0,5.0,0.0,468.0
39.0,64.0,0.0,0.0,0.0,13.0,5.0,0.0,0.0,0.0,9.0,5.0,0.0,469.0
39.0,64.0,0.0,0.0,0.0,13.0,5.0,0.0,0.0,0.0,9.0,5.0,0.0,470.0
39.0,64.0,0.0,0.0,0.0,13.0,4.0,0.0,0.0,0.0,8.0,5.0,0.0,471.0
39.0,64.0,0.0,0.0,0.0,13.0,4.0,0.0,0.0,0.0,8.0,5.0,0.0,472.0
38.0,63.0,0.0,0.0,0.0,13.0,4.0,0.0,0.0,0.0,8.0,5.0,0.0,473.0
38.0,63.0,0.0,0.0,0.0,12.0,4.0,0.0,0.0,0.0,8.0,5.0,0.0,474.0
38.0,63.0,0.0,0.0,0.0,8.0,4.0,0.0,0.0,0.0,8.0,5.0,0.0,475.0
38.0,63.0,0.0,0.0,0.0,7.0,4.0,0.0,0.0,0.0,8.0,5.0,0.0,476.0
38.0,63.0,0.0,0.0,0.0,7.0,4.0,0.0,0.0,0.0,8.0,5.0,0.0,477.0
38.0,63.0,0.0,0.0,0.0,7.0,4.0,0.0,0.0,0.0,8.0,5.0,0.0,478.0
38.0,63.0,0.0,0.0,0.0,6.0,4.0,0.0,0.0,0.0,8.0,5.0,0.0,479.0
38.0,63.0,0.0,0.0,0.0,4.0,4.0,0.0,0.0,0.0,8.0,5.0,0.0,480.0
37.0,62.0,0.0,0.0,0.0,4.0,4.0,0.0,0.0,0.0,8.0,5.0,0.0,481.0
37.0,62.0,0.0,0.0,0.0,4.0,4.0,0.0,0.0,0.0,8.0,5.0,0.0,482.0
36.0,61.0,0.0,0.0,0.0,4.0,4.0,0.0,0.0,0.0,8.0,5.0,0.0,483.0
36.0,61.0,0.0,0.0,0.0,3.0,4.0,0.0,0.0,0.0,8.0,5.0,0.0,484.0
35.0,60.0,0.0,0.0,0.0,5.0,4.0,0.0,0.0,0.0,8.0,5.0,0.0,485.0
35.0,60.0,0.0,0.0,0.0,7.0,4.0,0.0,0.0,0.0,8.0,5.0,0.0,486.0
35.0,60.0,0.0,0.0,0.0,7.0,4.0,0.0,0.0,0.0,8.0,5.0,0.0,487.0
35.0,60.0,0.0,0.0,0.0,10.0,4.0,0.0,0.0,0.0,8.0,5.0,0.0,488.0
35.0,60.0,0.0,0.0,0.0,9.0,4.0,0.0,0.0,0.0,8.0,5.0,0.0,489.0
35.0,60.0,0.0,0.0,0.0,9.0,3.0,0.0,0.0,0.0,7.0,5.0,0.0,490.0
35.0,60.0,0.0,0.0,0.0,9.0,3.0,0.0,0.0,0.0,7.0,5.0,0.0,491.0
35.0,60.0,0.0,0.0,0.0,9.0,3.0,0.0,0.0,0.0,7.0,5.0,0.0,492.0
34.0,59.0,0.0,0.0,0.0,9.0,3.0,0.0,0.0,0.0,7.0,5.0,0.0,493.0
32.0,57.0,0.0,0.0,0.0,9.0,3.0,0.0,0.0,0.0,7.0,5.0,0.0,494.0
31.0,56.0,0.0,0.0,0.0,9.0,3.0,0.0,0.0,0.0,7.0,5.0,0.0,495.0
31.0,56.0,0.0,0.0,0.0,9.0,3.0,0.0,0.0,0.0,7.0,5.0,0.0,496.0
31.0,56.0,0.0,0.0,0.0,9.0,2.0,0.0,0.0,0.0,7.0,5.0,0.0,497.0
31.0,56.0,0.0,0.0,0.0,9.0,2.0,0.0,0.0,0.0,7.0,5.0,0.0,498.0
31.0,56.0,0.0,0.0,0.0,9.0,2.0,0.0,0.0,0.0,7.0,5.0,0.0,499.0
31.0,56.0,0.0,0.0,0.0,7.0,2.0,0.0,0.0,0.0,7.0,5.0,0.0,500.0
31.0,56.0,0.0,0.0,0.0,7.0,2.0,0.0,0.0,0.0,7.0,5.0,0.0,501.0
31.0,56.0,0.0,0.0,0.0,7.0,2.0,0.0,0.0,0.0,7.0,5.0,0.0,502.0
31.0,56.0,0.0,0.0,0.0,7.0,2.0,0.0,0.0,0.0,7.0,5.0,0.0,503.0
31.0,56.0,0.0,0.0,0.0,7.0,2.0,0.0,0.0,0.0,7.0,5.0,0.0,504.0
30.0,55.0,0.0,0.0,0.0,7.0,2.0,0.0,0.0,0.0,7.0,5.0,0.0,505.0
30.0,55.0,0.0,0.0,0.0,7.0,1.0,0.0,0.0,0.0,6.0,5.0,0.0,506.0
30.0,55.0,0.0,0.0,0.0,7.0,1.0,0.0,0.0,0.0,6.0,5.0,0.0,507.0
30.0,55.0,0.0,0.0,0.0,7.0,1.0,0.0,0.0,0.0,6.0,5.0,0.0,508.0
30.0,55.0,0.0,0.0,0.0,7.0,1.0,0.0,0.0,0.0,6.0,5.0,0.0,509.0
29.0,54.0,0.0,0.0,0.0,7.0,0.0,0.0,0.0,0.0,5.0,5.0,0.0,510.0
29.0,54.0,0.0,0.0,0.0,7.0,0.0,0.0,0.0,0.0,5.0,5.0,0.0,511.0
29.0,54.0,0.0,0.0,0.0,7.0,0.0,0.0,0.0,0.0,5.0,5.0,0.0,512.0
29.0,54.0,0.0,0.0,0.0,7.0,0.0,0.0,0.0,0.0,5.0,5.0,0.0,513.0
28.0,53.0,0.0,0.0,0.0,7.0,0.0,0.0,0.0,0.0,5.0,5.0,0.0,514.0
28.0,53.0,0.0,0.0,0.0,7.0,0.0,0.0,0.0,0.0,5.0,5.0,0.0,515.0
28.0,53.0,0.0,0.0,0.0,7.0,0.0,0.0,0.0,0.0,5.0,5.0,0.0,516.0
28.0,53.0,0.0,0.0,0.0,7.0,0.0,0.0,0.0,0.0,5.0,5.0,0.0,517.0
28.0,53.0,0.0,0.0,0.0,7.0,0.0,0.0,0.0,0.0,5.0,5.0,0.0,518.0
26.0,51.0,0.0,0.0,0.0,7.0,0.0,0.0,0.0,0.0,5.0,5.0,0.0,519.0
26.0,51.0,0.0,0.0,0.0,7.0,0.0,0.0,0.0,0.0,5.0,5.0,0.0,520.0
25.0,50.0,0.0,0.0,0.0,7.0,0.0,0.0,0.0,0.0,5.0,5.0,0.0,521.0
25.0,50.0,0.0,0.0,0.0,7.0,0.0,0.0,0.0,0.0,5.0,5.0,0.0,522.0
25.0,50.0,0.0,0.0,0.0,7.0,0.0,0.0,0.0,0.0,5.0,5.0,0.0,523.0
25.0,50.0,0.0,0.0,0.0,7.0,0.0,0.0,0.0,0.0,5.0,5.0,0.0,524.0
25.0,50.0,0.0,0.0,0.0,6.0,0.0,0.0,0.0,0.0,5.0,5.0,0.0,525.0
25.0,50.0,0.0,0.0,0.0,6.0,0.0,0.0,0.0,0.0,5.0,5.0,0.0,526.0
25.0,50.0,0.0,0.0,0.0,5.0,0.0,0.0,0.0,0.0,5.0,5.0,0.0,527.0
25.0,50.0,0.0,0.0,0.0,5.0,0.0,0.0,0.0,0.0,5.0,5.0,0.0,528.0
25.0,50.0,0.0,0.0,0.0,5.0,0.0,0.0,0.0,0.0,5.0,5.0,0.0,529.0
25.0,50.0,0.0,0.0,0.0,3.0,0.0,0.0,0.0,0.0,5.0,5.0,0.0,530.0
25.0,50.0,0.0,0.0,0.0,3.0,0.0,0.0,0.0,0.0,5.0,5.0,0.0,531.0
24.0,49.0,0.0,0.0,0.0,3.0,0.0,0.0,0.0,0.0,5.0,5.0,0.0,532.0
24.0,49.0,0.0,0.0,0.0,2.0,0.0,0.0,0.0,0.0,5.0,5.0,0.0,533.0
24.0,49.0,0.0,0.0,0.0,2.0,0.0,0.0,0.0,0.0,5.0,5.0,0.0,534.0
24.0,49.0,0.0,0.0,0.0,1.0,0.0,0.0,0.0,0.0,5.0,5.0,0.0,535.0
24.0,49.0,0.0,0.0,0.0,1.0,0.0,0.0,0.0,0.0,5.0,5.0,0.0,536.0
24.0,49.0,0.0,0.0,0.0,1.0,0.0,0.0,0.0,0.0,5.0,5.0,0.0,537.0
24.0,49.0,0.0,0.0,0.0,3.0,0.0,0.0,0.0,0.0,5.0,5.0,0.0,538.0
24.0,49.0,0.0,0.0,0.0,5.0,0.0,0.0,0.0,0.0,5.0,5.0,0.0,539.0
24.0,49.0,0.0,0.0,0.0,5.0,0.0,0.0,0.0,0.0,5.0,5.0,0.0,540.0
24.0,49.0,0.0,0.0,0.0,5.0,0.0,0.0,0.0,0.0,5.0,5.0,0.0,541.0
24.0,49.0,0.0,0.0,0.0,5.0,0.0,0.0,0.0,0.0,5.0,5.0,0.0,542.0
24.0,49.0,0.0,0.0,0.0,5.0,0.0,0.0,0.0,0.0,5.0,5.0,0.0,543.0
24.0,49.0,0.0,0.0,0.0,5.0,0.0,0.0,0.0,0.0,5.0,5.0,0.0,544.0
24.0,49.0,0.0,0.0,0.0,5.0,0.0,0.0,0.0,0.0,5.0,5.0,0.0,545.0
24.0,49.0,0.0,0.0,0.0,5.0,0.0,0.0,0.0,0.0,5.0,5.0,0.0,546.0
24.0,49.0,0.0,0.0,0.0,5.0,0.0,0.0,0.0,0.0,5.0,5.0,0.0,547.0
24.0,49.0,0.0,0.0,0.0,5.0,0.0,0.0,0.0,0.0,5.0,5.0,0.0,548.0
24.0,49.0,0.0,0.0,0.0,5.0,0.0,0.0,0.0,0.0,5.0,5.0,0.0,549.0
23.0,48.0,0.0,0.0,0.0,5.0,0.0,0.0,0.0,0.0,5.0,5.0,0.0,550.0
23.0,48.0,0.0,0.0,0.0,5.0,0.0,0.0,0.0,0.0,5.0,5.0,0.0,551.0
23.0,48.0,0.0,0.0,0.0,5.0,0.0,0.0,0.0,0.0,5.0,5.0,0.0,552.0
23.0,48.0,0.0,0.0,0.0,5.0,0.0,0.0,0.0,0.0,5.0,5.0,0.0,553.0
23.0,48.0,0.0,0.0,0.0,5.0,0.0,0.0,0.0,0.0,5.0,5.0,0.0,554.0
23.0,48.0,0.0,0.0,0.0,5.0,0.0,0.0,0.0,0.0,5.0,5.0,0.0,555.0
22.0,47.0,0.0,0.0,0.0,5.0,0.0,0.0,0.0,0.0,5.0,5.0,0.0,556.0
22.0,47.0,0.0,0.0,0.0,5.0,0.0,0.0,0.0,0.0,5.0,5.0,0.0,557.0
21.0,46.0,0.0,0.0,0.0,5.0,0.0,0.0,0.0,0.0,5.0,5.0,0.0,558.0
21.0,46.0,0.0,0.0,0.0,5.0,0.0,0.0,0.0,0.0,5.0,5.0,0.0,559.0
21.0,46.0,0.0,0.0,0.0,5.0,0.0,0.0,0.0,0.0,5.0,5.0,0.0,560.0
21.0,46.0,0.0,0.0,0.0,5.0,0.0,0.0,0.0,0.0,5.0,5.0,0.0,561.0
21.0,46.0,0.0,0.0,0.0,5.0,0.0,0.0,0.0,0.0,5.0,5.0,0.0,562.0
20.0,45.0,0.0,0.0,0.0,5.0,0.0,0.0,0.0,0.0,5.0,5.0,0.0,563.0
19.0,44.0,0.0,0.0,0.0,5.0,0.0,0.0,0.0,0.0,5.0,5.0,0.0,564.0
19.0,44.0,0.0,0.0,0.0,5.0,0.0,0.0,0.0,0.0,5.0,5.0,0.0,565.0
19.0,44.0,0.0,0.0,0.0,5.0,0.0,0.0,0.0,0.0,5.0,5.0,0.0,566.0
19.0,44.0,0.0,0.0,0.0,5.0,0.0,0.0,0.0,0.0,5.0,5.0,0.0,567.0
18.0,43.0,0.0,0.0,0.0,5.0,0.0,0.0,0.0,0.0,5.0,5.0,0.0,568.0
18.0,43.0,0.0,0.0,0.0,5.0,0.0,0.0,0.0,0.0,5.0,5.0,0.0,569.0
18.0,43.0,0.0,0.0,0.0,5.0,0.0,0.0,0.0,0.0,5.0,5.0,0.0,570.0
18.0,43.0,0.0,0.0,0.0,5.0,0.0,0.0,0.0,0.0,5.0,5.0,0.0,571.0
18.0,43.0,0.0,0.0,0.0,5.0,0.0,0.0,0.0,0.0,5.0,5.0,0.0,572.0
18.0,43.0,0.0,0.0,0.0,5.0,0.0,0.0,0.0,0.0,5.0,5.0,0.0,573.0
18.0,43.0,0.0,0.0,0.0,5.0,0.0,0.0,0.0,0.0,5.0,5.0,0.0,574.0
18.0,43.0,0.0,0.0,0.0,5.0,0.0,0.0,0.0,0.0,5.0,5.0,0.0,575.0
18.0,43.0,0.0,0.0,0.0,5.0,0.0,0.0,0.0,0.0,5.0,5.0,0.0,576.0
18.0,43.0,0.0,0.0,0.0,5.0,0.0,0.0,0.0,0.0,5.0,5.0,0.0,577.0
18.0,43.0,0.0,0.0,0.0,5.0,0.0,0.0,0.0,0.0,5.0,5.0,0.0,578.0
18.0,43.0,0.0,0.0,0.0,5.0,0.0,0.0,0.0,0.0,5.0,5.0,0.0,579.0
18.0,43.0,0.0,0.0,0.0,4.0,0.0,0.0,0.0,0.0,5.0,5.0,0.0,580.0
18.0,43.0,0.0,0.0,0.0,3.0,0.0,0.0,0.0,0.0,5.0,5.0,0.0,581.0
17.0,42.0,0.0,0.0,0.0,3.0,0.0,0.0,0.0,0.0,5.0,5.0,0.0,582.0
17.0,42.0,0.0,0.0,0.0,2.0,0.0,0.0,0.0,0.0,5.0,5.0,0.0,583.0
17.0,42.0,0.0,0.0,0.0,2.0,0.0,0.0,0.0,0.0,5.0,5.0,0.0,584.0
16.0,41.0,0.0,0.0,0.0,2.0,0.0,0.0,0.0,0.0,5.0,5.0,0.0,585.0
15.0,40.0,0.0,0.0,0.0,1.0,0.0,0.0,0.0,0.0,5.0,5.0,0.0,586.0
15.0,40.0,0.0,0.0,0.0,3.0,0.0,0.0,0.0,0.0,5.0,5.0,0.0,587.0
15.0,40.0,0.0,0.0,0.0,4.0,0.0,0.0,0.0,0.0,5.0,5.0,0.0,588.0
15.0,40.0,0.0,0.0,0.0,5.0,0.0,0.0,0.0,0.0,5.0,5.0,0.0,589.0
15.0,40.0,0.0,0.0,0.0,5.0,0.0,0.0,0.0,0.0,5.0,5.0,0.0,590.0
15.0,40.0,0.0,0.0,0.0,5.0,0.0,0.0,0.0,0.0,5.0,5.0,0.0,591.0
15.0,40.0,0.0,0.0,0.0,5.0,0.0,0.0,0.0,0.0,5.0,5.0,0.0,592.0
15.0,40.0,0.0,0.0,0.0,5.0,0.0,0.0,0.0,0.0,5.0,5.0,0.0,593.0
15.0,40.0,0.0,0.0,0.0,5.0,0.0,0.0,0.0,0.0,5.0,5.0,0.0,594.0
15.0,40.0,0.0,0.0,0.0,5.0,0.0,0.0,0.0,0.0,5.0,5.0,0.0,595.0
15.0,40.0,0.0,0.0,0.0,5.0,0.0,0.0,0.0,0.0,5.0,5.0,0.0,596.0
15.0,40.0,0.0,0.0,0.0,5.0,0.0,0.0,0.0,0.0,5.0,5.0,0.0,597.0
15.0,40.0,0.0,0.0,0.0,5.0,0.0,0.0,0.0,0.0,5.0,5.0,0.0,598.0
15.0,40.0,0.0,0.0,0.0,5.0,0.0,0.0,0.0,0.0,5.0,5.0,0.0,599.0
15.0,40.0,0.0,0.0,0.0,5.0,0.0,0.0,0.0,0.0,5.0,5.0,0.0,600.0
15.0,40.0,0.0,0.0,0.0,5.0,0.0,0.0,0.0,0.0,5.0,5.0,0.0,601.0
14.0,39.0,0.0,0.0,0.0,5.0,0.0,0.0,0.0,0.0,5.0,5.0,0.0,602.0
14.0,39.0,0.0,0.0,0.0,5.0,0.0,0.0,0.0,0.0,5.0,5.0,0.0,603.0
14.0,39.0,0.0,0.0,0.0,5.0,0.0,0.0,0.0,0.0,5.0,5.0,0.0,604.0
12.0,37.0,0.0,0.0,0.0,5.0,0.0,0.0,0.0,0.0,5.0,5.0,0.0,605.0
12.0,37.0,0.0,0.0,0.0,5.0,0.0,0.0,0.0,0.0,5.0,5.0,0.0,606.0
12.0,37.0,0.0,0.0,0.0,5.0,0.0,0.0,0.0,0.0,5.0,5.0,0.0,607.0
12.0,37.0,0.0,0.0,0.0,5.0,0.0,0.0,0.0,0.0,5.0,5.0,0.0,608.0
12.0,37.0,0.0,0.0,0.0,5.0,0.0,0.0,0.0,0.0,5.0,5.0,0.0,609.0
12.0,37.0,0.0,0.0,0.0,5.0,0.0,0.0,0.0,0.0,5.0,5.0,0.0,610.0
12.0,37.0,0.0,0.0,0.0,5.0,0.0,0.0,0.0,0.0,5.0,5.0,0.0,611.0
12.0,37.0,0.0,0.0,0.0,5.0,0.0,0.0,0.0,0.0,5.0,5.0,0.0,612.0
12.0,37.0,0.0,0.0,0.0,5.0,0.0,0.0,0.0,0.0,5.0,5.0,0.0,613.0
12.0,37.0,0.0,0.0,0.0,5.0,0.0,0.0,0.0,0.0,5.0,5.0,0.0,614.0
12.0,37.0,0.0,0.0,0.0,5.0,0.0,0.0,0.0,0.0,5.0,5.0,0.0,615.0
12.0,37.0,0.0,0.0,0.0,5.0,0.0,0.0,0.0,0.0,5.0,5.0,0.0,616.0
12.0,37.0,0.0,0.0,0.0,5.0,0.0,0.0,0.0,0.0,5.0,5.0,0.0,617.0
12.0,37.0,0.0,0.0,0.0,5.0,0.0,0.0,0.0,0.0,5.0,5.0,0.0,618.0
12.0,37.0,0.0,0.0,0.0,5.0,0.0,0.0,0.0,0.0,5.0,5.0,0.0,619.0
12.0,37.0,0.0,0.0,0.0,5.0,0.0,0.0,0.0,0.0,5.0,5.0,0.0,620.0
12.0,37.0,0.0,0.0,0.0,5.0,0.0,0.0,0.0,0.0,5.0,5.0,0.0,621.0
12.0,37.0,0.0,0.0,0.0,5.0,0.0,0.0,0.0,0.0,5.0,5.0,0.0,622.0
12.0,37.0,0.0,0.0,0.0,5.0,0.0,0.0,0.0,0.0,5.0,5.0,0.0,623.0
12.0,37.0,0.0,0.0,0.0,5.0,0.0,0.0,0.0,0.0,5.0,5.0,0.0,624.0
12.0,37.0,0.0,0.0,0.0,5.0,0.0,0.0,0.0,0.0,5.0,5.0,0.0,625.0
12.0,37.0,0.0,0.0,0.0,5.0,0.0,0.0,0.0,0.0,5.0,5.0,0.0,626.0
12.0,37.0,0.0,0.0,0.0,5.0,0.0,0.0,0.0,0.0,5.0,5.0,0.0,627.0
12.0,37.0,0.0,0.0,0.0,4.0,0.0,0.0,0.0,0.0,5.0,5.0,0.0,628.0
12.0,37.0,0.0,0.0,0.0,4.0,0.0,0.0,0.0,0.0,5.0,5.0,0.0,629.0
12.0,37.0,0.0,0.0,0.0,3.0,0.0,0.0,0.0,0.0,5.0,5.0,0.0,630.0
12.0,37.0,0.0,0.0,0.0,1.0,0.0,0.0,0.0,0.0,5.0,5.0,0.0,631.0
12.0,37.0,0.0,0.0,0.0,1.0,0.0,0.0,0.0,0.0,5.0,5.0,0.0,632.0
12.0,37.0,0.0,0.0,0.0,1.0,0.0,0.0,0.0,0.0,5.0,5.0,0.0,633.0
12.0,37.0,0.0,0.0,0.0,1.0,0.0,0.0,0.0,0.0,5.0,5.0,0.0,634.0
12.0,37.0,0.0,0.0,0.0,2.0,0.0,0.0,0.0,0.0,5.0,5.0,0.0,635.0
12.0,37.0,0.0,0.0,0.0,3.0,0.0,0.0,0.0,0.0,5.0,5.0,0.0,636.0
12.0,37.0,0.0,0.0,0.0,4.0,0.0,0.0,0.0,0.0,5.0,5.0,0.0,637.0
12.0,37.0,0.0,0.0,0.0,7.0,0.0,0.0,0.0,0.0,5.0,5.0,0.0,638.0
12.0,37.0,0.0,0.0,0.0,7.0,0.0,0.0,0.0,0.0,5.0,5.0,0.0,639.0
12.0,37.0,0.0,0.0,0.0,7.0,0.0,0.0,0.0,0.0,5.0,5.0,0.0,640.0
12.0,37.0,0.0,0.0,0.0,7.0,0.0,0.0,0.0,0.0,5.0,5.0,0.0,641.0
12.0,37.0,0.0,0.0,0.0,7.0,0.0,0.0,0.0,0.0,5.0,5.0,0.0,642.0
12.0,37.0,0.0,0.0,0.0,7.0,0.0,0.0,0.0,0.0,5.0,5.0,0.0,643.0
11.0,36.0,0.0,0.0,0.0,7.0,0.0,0.0,0.0,0.0,5.0,5.0,0.0,644.0
11.0,36.0,0.0,0.0,0.0,7.0,0.0,0.0,0.0,0.0,5.0,5.0,0.0,645.0
11.0,36.0,0.0,0.0,0.0,7.0,0.0,0.0,0.0,0.0,5.0,5.0,0.0,646.0
11.0,36.0,0.0,0.0,0.0,7.0,0.0,0.0,0.0,0.0,5.0,5.0,0.0,647.0
10.0,35.0,0.0,0.0,0.0,7.0,0.0,0.0,0.0,0.0,5.0,5.0,0.0,648.0
10.0,35.0,0.0,0.0,0.0,7.0,0.0,0.0,0.0,0.0,5.0,5.0,0.0,649.0
10.0,35.0,0.0,0.0,0.0,7.0,0.0,0.0,0.0,0.0,5.0,5.0,0.0,650.0
10.0,35.0,0.0,0.0,0.0,7.0,0.0,0.0,0.0,0.0,5.0,5.0,0.0,651.0
10.0,35.0,0.0,0.0,0.0,7.0,0.0,0.0,0.0,0.0,5.0,5.0,0.0,652.0
11.0,36.0,0.0,0.0,0.0,7.0,0.0,0.0,0.0,0.0,5.0,5.0,0.0,653.0
11.0,36.0,0.0,0.0,0.0,7.0,0.0,0.0,0.0,0.0,5.0,5.0,0.0,654.0
11.0,36.0,0.0,0.0,0.0,7.0,0.0,0.0,0.0,0.0,5.0,5.0,0.0,655.0
12.0,37.0,0.0,0.0,0.0,7.0,0.0,0.0,0.0,0.0,5.0,5.0,0.0,656.0
12.0,37.0,0.0,0.0,0.0,7.0,0.0,0.0,0.0,0.0,5.0,5.0,0.0,657.0
13.0,38.0,0.0,0.0,0.0,7.0,0.0,0.0,0.0,0.0,5.0,5.0,0.0,658.0
12.0,37.0,0.0,0.0,0.0,7.0,0.0,0.0,0.0,0.0,5.0,5.0,0.0,659.0
14.0,39.0,0.0,0.0,0.0,7.0,0.0,0.0,0.0,0.0,5.0,5.0,0.0,660.0
15.0,40.0,0.0,0.0,0.0,7.0,0.0,0.0,0.0,0.0,5.0,5.0,0.0,661.0
17.0,42.0,0.0,0.0,0.0,7.0,0.0,0.0,0.0,0.0,5.0,5.0,0.0,662.0
17.0,42.0,0.0,0.0,0.0,7.0,0.0,0.0,0.0,0.0,5.0,5.0,0.0,663.0
17.0,42.0,0.0,0.0,0.0,7.0,0.0,0.0,0.0,0.0,5.0,5.0,0.0,664.0
17.0,42.0,0.0,0.0,0.0,7.0,0.0,0.0,0.0,0.0,5.0,5.0,0.0,665.0
18.0,43.0,0.0,0.0,0.0,7.0,0.0,0.0,0.0,0.0,5.0,5.0,0.0,666.0
18.0,43.0,0.0,0.0,0.0,7.0,0.0,0.0,0.0,0.0,5.0,5.0,0.0,667.0
18.0,43.0,0.0,0.0,0.0,7.0,0.0,0.0,0.0,0.0,5.0,5.0,0.0,668.0
18.0,43.0,0.0,0.0,0.0,7.0,0.0,0.0,0.0,0.0,5.0,5.0,0.0,669.0
17.0,42.0,0.0,0.0,0.0,7.0,0.0,0.0,0.0,0.0,5.0,5.0,0.0,670.0
17.0,42.0,0.0,0.0,0.0,7.0,0.0,0.0,0.0,0.0,5.0,5.0,0.0,671.0
17.0,42.0,0.0,0.0,0.0,7.0,0.0,0.0,0.0,0.0,5.0,5.0,0.0,672.0
